0	2021-06-19	cigar
1	2021-06-20	rebut
2	2021-06-21	sissy
3	2021-06-22	humph
4	2021-06-23	awake
5	2021-06-24	blush
6	2021-06-25	focal
7	2021-06-26	evade
8	2021-06-27	naval
9	2021-06-28	serve
10	2021-06-29	heath
11	2021-06-30	dwarf
12	2021-07-01	model
13	2021-07-02	karma
14	2021-07-03	stink
15	2021-07-04	grade
16	2021-07-05	quiet
17	2021-07-06	bench
18	2021-07-07	abate
19	2021-07-08	feign
20	2021-07-09	major
21	2021-07-10	death
22	2021-07-11	fresh
23	2021-07-12	crust
24	2021-07-13	stool
25	2021-07-14	colon
26	2021-07-15	abase
27	2021-07-16	marry
28	2021-07-17	react
29	2021-07-18	batty
30	2021-07-19	pride
31	2021-07-20	floss
32	2021-07-21	helix
33	2021-07-22	croak
34	2021-07-23	staff
35	2021-07-24	paper
36	2021-07-25	unfed
37	2021-07-26	whelp
38	2021-07-27	trawl
39	2021-07-28	outdo
40	2021-07-29	adobe
41	2021-07-30	crazy
42	2021-07-31	sower
43	2021-08-01	repay
44	2021-08-02	digit
45	2021-08-03	crate
46	2021-08-04	cluck
47	2021-08-05	spike
48	2021-08-06	mimic
49	2021-08-07	pound
50	2021-08-08	maxim
51	2021-08-09	linen
52	2021-08-10	unmet
53	2021-08-11	flesh
54	2021-08-12	booby
55	2021-08-13	forth
56	2021-08-14	first
57	2021-08-15	stand
58	2021-08-16	belly
59	2021-08-17	ivory
60	2021-08-18	seedy
61	2021-08-19	print
62	2021-08-20	yearn
63	2021-08-21	drain
64	2021-08-22	bribe
65	2021-08-23	stout
66	2021-08-24	panel
67	2021-08-25	crass
68	2021-08-26	flume
69	2021-08-27	offal
70	2021-08-28	agree
71	2021-08-29	error
72	2021-08-30	swirl
73	2021-08-31	argue
74	2021-09-01	bleed
75	2021-09-02	delta
76	2021-09-03	flick
77	2021-09-04	totem
78	2021-09-05	wooer
79	2021-09-06	front
80	2021-09-07	shrub
81	2021-09-08	parry
82	2021-09-09	biome
83	2021-09-10	lapel
84	2021-09-11	start
85	2021-09-12	greet
86	2021-09-13	goner
87	2021-09-14	golem
88	2021-09-15	lusty
89	2021-09-16	loopy
90	2021-09-17	round
91	2021-09-18	audit
92	2021-09-19	lying
93	2021-09-20	gamma
94	2021-09-21	labor
95	2021-09-22	islet
96	2021-09-23	civic
97	2021-09-24	forge
98	2021-09-25	corny
99	2021-09-26	moult
100	2021-09-27	basic
101	2021-09-28	salad
102	2021-09-29	agate
103	2021-09-30	spicy
104	2021-10-01	spray
105	2021-10-02	essay
106	2021-10-03	fjord
107	2021-10-04	spend
108	2021-10-05	kebab
109	2021-10-06	guild
110	2021-10-07	aback
111	2021-10-08	motor
112	2021-10-09	alone
113	2021-10-10	hatch
114	2021-10-11	hyper
115	2021-10-12	thumb
116	2021-10-13	dowry
117	2021-10-14	ought
118	2021-10-15	belch
119	2021-10-16	dutch
120	2021-10-17	pilot
121	2021-10-18	tweed
122	2021-10-19	comet
123	2021-10-20	jaunt
124	2021-10-21	enema
125	2021-10-22	steed
126	2021-10-23	abyss
127	2021-10-24	growl
128	2021-10-25	fling
129	2021-10-26	dozen
130	2021-10-27	boozy
131	2021-10-28	erode
132	2021-10-29	world
133	2021-10-30	gouge
134	2021-10-31	click
135	2021-11-01	briar
136	2021-11-02	great
137	2021-11-03	altar
138	2021-11-04	pulpy
139	2021-11-05	blurt
140	2021-11-06	coast
141	2021-11-07	duchy
142	2021-11-08	groin
143	2021-11-09	fixer
144	2021-11-10	group
145	2021-11-11	rogue
146	2021-11-12	badly
147	2021-11-13	smart
148	2021-11-14	pithy
149	2021-11-15	gaudy
150	2021-11-16	chill
151	2021-11-17	heron
152	2021-11-18	vodka
153	2021-11-19	finer
154	2021-11-20	surer
155	2021-11-21	radio
156	2021-11-22	rouge
157	2021-11-23	perch
158	2021-11-24	retch
159	2021-11-25	wrote
160	2021-11-26	clock
161	2021-11-27	tilde
162	2021-11-28	store
163	2021-11-29	prove
164	2021-11-30	bring
165	2021-12-01	solve
166	2021-12-02	cheat
167	2021-12-03	grime
168	2021-12-04	exult
169	2021-12-05	usher
170	2021-12-06	epoch
171	2021-12-07	triad
172	2021-12-08	break
173	2021-12-09	rhino
174	2021-12-10	viral
175	2021-12-11	conic
176	2021-12-12	masse
177	2021-12-13	sonic
178	2021-12-14	vital
179	2021-12-15	trace
180	2021-12-16	using
181	2021-12-17	peach
182	2021-12-18	champ
183	2021-12-19	baton
184	2021-12-20	brake
185	2021-12-21	pluck
186	2021-12-22	craze
187	2021-12-23	gripe
188	2021-12-24	weary
189	2021-12-25	picky
190	2021-12-26	acute
191	2021-12-27	ferry
192	2021-12-28	aside
193	2021-12-29	tapir
194	2021-12-30	troll
195	2021-12-31	unify
196	2022-01-01	rebus
197	2022-01-02	boost
198	2022-01-03	truss
199	2022-01-04	siege
200	2022-01-05	tiger
201	2022-01-06	banal
202	2022-01-07	slump
203	2022-01-08	crank
204	2022-01-09	gorge
205	2022-01-10	query
206	2022-01-11	drink
207	2022-01-12	favor
208	2022-01-13	abbey
209	2022-01-14	tangy
210	2022-01-15	panic
211	2022-01-16	solar
212	2022-01-17	shire
213	2022-01-18	proxy
214	2022-01-19	point
215	2022-01-20	robot
216	2022-01-21	prick
217	2022-01-22	wince
218	2022-01-23	crimp
219	2022-01-24	knoll
220	2022-01-25	sugar
221	2022-01-26	whack
222	2022-01-27	mount
223	2022-01-28	perky
224	2022-01-29	could
225	2022-01-30	wrung
226	2022-01-31	light
227	2022-02-01	those
228	2022-02-02	moist
229	2022-02-03	shard
230	2022-02-04	pleat
231	2022-02-05	aloft
232	2022-02-06	skill
233	2022-02-07	elder
234	2022-02-08	frame
235	2022-02-09	humor
236	2022-02-10	pause
237	2022-02-11	ulcer
238	2022-02-12	ultra
239	2022-02-13	robin
240	2022-02-14	cynic
241	2022-02-15	agora
242	2022-02-16	aroma
243	2022-02-17	caulk
244	2022-02-18	shake
245	2022-02-19	pupal
246	2022-02-20	dodge
247	2022-02-21	swill
248	2022-02-22	tacit
249	2022-02-23	other
250	2022-02-24	thorn
251	2022-02-25	trove
252	2022-02-26	bloke
253	2022-02-27	vivid
254	2022-02-28	spill
255	2022-03-01	chant
256	2022-03-02	choke
257	2022-03-03	rupee
258	2022-03-04	nasty
259	2022-03-05	mourn
260	2022-03-06	ahead
261	2022-03-07	brine
262	2022-03-08	cloth
263	2022-03-09	hoard
264	2022-03-10	sweet
265	2022-03-11	month
266	2022-03-12	lapse
267	2022-03-13	watch
268	2022-03-14	today
269	2022-03-15	focus
270	2022-03-16	smelt
271	2022-03-17	tease
272	2022-03-18	cater
273	2022-03-19	movie
274	2022-03-20	lynch
275	2022-03-21	saute
276	2022-03-22	allow
277	2022-03-23	renew
278	2022-03-24	their
279	2022-03-25	slosh
280	2022-03-26	purge
281	2022-03-27	chest
282	2022-03-28	depot
283	2022-03-29	epoxy
284	2022-03-30	nymph
285	2022-03-31	found
286	2022-04-01	shall
287	2022-04-02	harry
288	2022-04-03	stove
289	2022-04-04	lowly
290	2022-04-05	snout
291	2022-04-06	trope
292	2022-04-07	fewer
293	2022-04-08	shawl
294	2022-04-09	natal
295	2022-04-10	fibre
296	2022-04-11	comma
297	2022-04-12	foray
298	2022-04-13	scare
299	2022-04-14	stair
300	2022-04-15	black
301	2022-04-16	squad
302	2022-04-17	royal
303	2022-04-18	chunk
304	2022-04-19	mince
305	2022-04-20	slave
306	2022-04-21	shame
307	2022-04-22	cheek
308	2022-04-23	ample
309	2022-04-24	flair
310	2022-04-25	foyer
311	2022-04-26	cargo
312	2022-04-27	oxide
313	2022-04-28	plant
314	2022-04-29	olive
315	2022-04-30	inert
316	2022-05-01	askew
317	2022-05-02	heist
318	2022-05-03	shown
319	2022-05-04	zesty
320	2022-05-05	hasty
321	2022-05-06	trash
322	2022-05-07	fella
323	2022-05-08	larva
324	2022-05-09	forgo
325	2022-05-10	story
326	2022-05-11	hairy
327	2022-05-12	train
328	2022-05-13	homer
329	2022-05-14	badge
330	2022-05-15	midst
331	2022-05-16	canny
332	2022-05-17	fetus
333	2022-05-18	butch
334	2022-05-19	farce
335	2022-05-20	slung
336	2022-05-21	tipsy
337	2022-05-22	metal
338	2022-05-23	yield
339	2022-05-24	delve
340	2022-05-25	being
341	2022-05-26	scour
342	2022-05-27	glass
343	2022-05-28	gamer
344	2022-05-29	scrap
345	2022-05-30	money
346	2022-05-31	hinge
347	2022-06-01	album
348	2022-06-02	vouch
349	2022-06-03	asset
350	2022-06-04	tiara
351	2022-06-05	crept
352	2022-06-06	bayou
353	2022-06-07	atoll
354	2022-06-08	manor
355	2022-06-09	creak
356	2022-06-10	showy
357	2022-06-11	phase
358	2022-06-12	froth
359	2022-06-13	depth
360	2022-06-14	gloom
361	2022-06-15	flood
362	2022-06-16	trait
363	2022-06-17	girth
364	2022-06-18	piety
365	2022-06-19	payer
366	2022-06-20	goose
367	2022-06-21	float
368	2022-06-22	donor
369	2022-06-23	atone
370	2022-06-24	primo
371	2022-06-25	apron
372	2022-06-26	blown
373	2022-06-27	cacao
374	2022-06-28	loser
375	2022-06-29	input
376	2022-06-30	gloat
377	2022-07-01	awful
378	2022-07-02	brink
379	2022-07-03	smite
380	2022-07-04	beady
381	2022-07-05	rusty
382	2022-07-06	retro
383	2022-07-07	droll
384	2022-07-08	gawky
385	2022-07-09	hutch
386	2022-07-10	pinto
387	2022-07-11	gaily
388	2022-07-12	egret
389	2022-07-13	lilac
390	2022-07-14	sever
391	2022-07-15	field
392	2022-07-16	fluff
393	2022-07-17	hydro
394	2022-07-18	flack
395	2022-07-19	agape
396	2022-07-20	wench
397	2022-07-21	voice
398	2022-07-22	stead
399	2022-07-23	stalk
400	2022-07-24	berth
401	2022-07-25	madam
402	2022-07-26	night
403	2022-07-27	bland
404	2022-07-28	liver
405	2022-07-29	wedge
406	2022-07-30	augur
407	2022-07-31	roomy
408	2022-08-01	wacky
409	2022-08-02	flock
410	2022-08-03	angry
411	2022-08-04	bobby
412	2022-08-05	trite
413	2022-08-06	aphid
414	2022-08-07	tryst
415	2022-08-08	midge
416	2022-08-09	power
417	2022-08-10	elope
418	2022-08-11	cinch
419	2022-08-12	motto
420	2022-08-13	stomp
421	2022-08-14	upset
422	2022-08-15	bluff
423	2022-08-16	cramp
424	2022-08-17	quart
425	2022-08-18	coyly
426	2022-08-19	youth
427	2022-08-20	rhyme
428	2022-08-21	buggy
429	2022-08-22	alien
430	2022-08-23	smear
431	2022-08-24	unfit
432	2022-08-25	patty
433	2022-08-26	cling
434	2022-08-27	glean
435	2022-08-28	label
436	2022-08-29	hunky
437	2022-08-30	khaki
438	2022-08-31	poker
439	2022-09-01	gruel
440	2022-09-02	twice
441	2022-09-03	twang
442	2022-09-04	shrug
443	2022-09-05	treat
444	2022-09-06	unlit
445	2022-09-07	waste
446	2022-09-08	merit
447	2022-09-09	woven
448	2022-09-10	octal
449	2022-09-11	needy
450	2022-09-12	clown
451	2022-09-13	widow
452	2022-09-14	irony
453	2022-09-15	ruder
454	2022-09-16	gauze
455	2022-09-17	chief
456	2022-09-18	onset
457	2022-09-19	prize
458	2022-09-20	fungi
459	2022-09-21	charm
460	2022-09-22	gully
461	2022-09-23	inter
462	2022-09-24	whoop
463	2022-09-25	taunt
464	2022-09-26	leery
465	2022-09-27	class
466	2022-09-28	theme
467	2022-09-29	lofty
468	2022-09-30	tibia
469	2022-10-01	booze
470	2022-10-02	alpha
471	2022-10-03	thyme
472	2022-10-04	eclat
473	2022-10-05	doubt
474	2022-10-06	parer
475	2022-10-07	chute
476	2022-10-08	stick
477	2022-10-09	trice
478	2022-10-10	alike
479	2022-10-11	sooth
480	2022-10-12	recap
481	2022-10-13	saint
482	2022-10-14	liege
483	2022-10-15	glory
484	2022-10-16	grate
485	2022-10-17	admit
486	2022-10-18	brisk
487	2022-10-19	soggy
488	2022-10-20	usurp
489	2022-10-21	scald
490	2022-10-22	scorn
491	2022-10-23	leave
492	2022-10-24	twine
493	2022-10-25	sting
494	2022-10-26	bough
495	2022-10-27	marsh
496	2022-10-28	sloth
497	2022-10-29	dandy
498	2022-10-30	vigor
499	2022-10-31	howdy
500	2022-11-01	enjoy
501	2022-11-02	valid
502	2022-11-03	ionic
503	2022-11-04	equal
504	2022-11-05	unset
505	2022-11-06	floor
506	2022-11-07	catch
507	2022-11-08	spade
508	2022-11-09	stein
509	2022-11-10	exist
510	2022-11-11	quirk
511	2022-11-12	denim
512	2022-11-13	grove
513	2022-11-14	spiel
514	2022-11-15	mummy
515	2022-11-16	fault
516	2022-11-17	foggy
517	2022-11-18	flout
518	2022-11-19	carry
519	2022-11-20	sneak
520	2022-11-21	libel
521	2022-11-22	waltz
522	2022-11-23	aptly
523	2022-11-24	piney
524	2022-11-25	inept
525	2022-11-26	aloud
526	2022-11-27	photo
527	2022-11-28	dream
528	2022-11-29	stale
529	2022-11-30	vomit
530	2022-12-01	ombre
531	2022-12-02	fanny
532	2022-12-03	unite
533	2022-12-04	snarl
534	2022-12-05	baker
535	2022-12-06	there
536	2022-12-07	glyph
537	2022-12-08	pooch
538	2022-12-09	hippy
539	2022-12-10	spell
540	2022-12-11	folly
541	2022-12-12	louse
542	2022-12-13	gulch
543	2022-12-14	vault
544	2022-12-15	godly
545	2022-12-16	threw
546	2022-12-17	fleet
547	2022-12-18	grave
548	2022-12-19	inane
549	2022-12-20	shock
550	2022-12-21	crave
551	2022-12-22	spite
552	2022-12-23	valve
553	2022-12-24	skimp
554	2022-12-25	claim
555	2022-12-26	rainy
556	2022-12-27	musty
557	2022-12-28	pique
558	2022-12-29	daddy
559	2022-12-30	quasi
560	2022-12-31	arise
561	2023-01-01	aging
562	2023-01-02	valet
563	2023-01-03	opium
564	2023-01-04	avert
565	2023-01-05	stuck
566	2023-01-06	recut
567	2023-01-07	mulch
568	2023-01-08	genre
569	2023-01-09	plume
570	2023-01-10	rifle
571	2023-01-11	count
572	2023-01-12	incur
573	2023-01-13	total
574	2023-01-14	wrest
575	2023-01-15	mocha
576	2023-01-16	deter
577	2023-01-17	study
578	2023-01-18	lover
579	2023-01-19	safer
580	2023-01-20	rivet
581	2023-01-21	funny
582	2023-01-22	smoke
583	2023-01-23	mound
584	2023-01-24	undue
585	2023-01-25	sedan
586	2023-01-26	pagan
587	2023-01-27	swine
588	2023-01-28	guile
589	2023-01-29	gusty
590	2023-01-30	equip
591	2023-01-31	tough
592	2023-02-01	canoe
593	2023-02-02	chaos
594	2023-02-03	covet
595	2023-02-04	human
596	2023-02-05	udder
597	2023-02-06	lunch
598	2023-02-07	blast
599	2023-02-08	stray
600	2023-02-09	manga
601	2023-02-10	melee
602	2023-02-11	lefty
603	2023-02-12	quick
604	2023-02-13	paste
605	2023-02-14	given
606	2023-02-15	octet
607	2023-02-16	risen
608	2023-02-17	groan
609	2023-02-18	leaky
610	2023-02-19	grind
611	2023-02-20	carve
612	2023-02-21	loose
613	2023-02-22	sadly
614	2023-02-23	spilt
615	2023-02-24	apple
616	2023-02-25	slack
617	2023-02-26	honey
618	2023-02-27	final
619	2023-02-28	sheen
620	2023-03-01	eerie
621	2023-03-02	minty
622	2023-03-03	slick
623	2023-03-04	derby
624	2023-03-05	wharf
625	2023-03-06	spelt
626	2023-03-07	coach
627	2023-03-08	erupt
628	2023-03-09	singe
629	2023-03-10	price
630	2023-03-11	spawn
631	2023-03-12	fairy
632	2023-03-13	jiffy
633	2023-03-14	filmy
634	2023-03-15	stack
635	2023-03-16	chose
636	2023-03-17	sleep
637	2023-03-18	ardor
638	2023-03-19	nanny
639	2023-03-20	niece
640	2023-03-21	woozy
641	2023-03-22	handy
642	2023-03-23	grace
643	2023-03-24	ditto
644	2023-03-25	stank
645	2023-03-26	cream
646	2023-03-27	usual
647	2023-03-28	diode
648	2023-03-29	valor
649	2023-03-30	angle
650	2023-03-31	ninja
651	2023-04-01	muddy
652	2023-04-02	chase
653	2023-04-03	reply
654	2023-04-04	prone
655	2023-04-05	spoil
656	2023-04-06	heart
657	2023-04-07	shade
658	2023-04-08	diner
659	2023-04-09	arson
660	2023-04-10	onion
661	2023-04-11	sleet
662	2023-04-12	dowel
663	2023-04-13	couch
664	2023-04-14	palsy
665	2023-04-15	bowel
666	2023-04-16	smile
667	2023-04-17	evoke
668	2023-04-18	creek
669	2023-04-19	lance
670	2023-04-20	eagle
671	2023-04-21	idiot
672	2023-04-22	siren
673	2023-04-23	built
674	2023-04-24	embed
675	2023-04-25	award
676	2023-04-26	dross
677	2023-04-27	annul
678	2023-04-28	goody
679	2023-04-29	frown
680	2023-04-30	patio
681	2023-05-01	laden
682	2023-05-02	humid
683	2023-05-03	elite
684	2023-05-04	lymph
685	2023-05-05	edify
686	2023-05-06	might
687	2023-05-07	reset
688	2023-05-08	visit
689	2023-05-09	gusto
690	2023-05-10	purse
691	2023-05-11	vapor
692	2023-05-12	crock
693	2023-05-13	write
694	2023-05-14	sunny
695	2023-05-15	loath
696	2023-05-16	chaff
697	2023-05-17	slide
698	2023-05-18	queer
699	2023-05-19	venom
700	2023-05-20	stamp
701	2023-05-21	sorry
702	2023-05-22	still
703	2023-05-23	acorn
704	2023-05-24	aping
705	2023-05-25	pushy
706	2023-05-26	tamer
707	2023-05-27	hater
708	2023-05-28	mania
709	2023-05-29	awoke
710	2023-05-30	brawn
711	2023-05-31	swift
712	2023-06-01	exile
713	2023-06-02	birch
714	2023-06-03	lucky
715	2023-06-04	freer
716	2023-06-05	risky
717	2023-06-06	ghost
718	2023-06-07	plier
719	2023-06-08	lunar
720	2023-06-09	winch
721	2023-06-10	snare
722	2023-06-11	nurse
723	2023-06-12	house
724	2023-06-13	borax
725	2023-06-14	nicer
726	2023-06-15	lurch
727	2023-06-16	exalt
728	2023-06-17	about
729	2023-06-18	savvy
730	2023-06-19	toxin
731	2023-06-20	tunic
732	2023-06-21	pried
733	2023-06-22	inlay
734	2023-06-23	chump
735	2023-06-24	lanky
736	2023-06-25	cress
737	2023-06-26	eater
738	2023-06-27	elude
739	2023-06-28	cycle
740	2023-06-29	kitty
741	2023-06-30	boule
742	2023-07-01	moron
743	2023-07-02	tenet
744	2023-07-03	place
745	2023-07-04	lobby
746	2023-07-05	plush
747	2023-07-06	vigil
748	2023-07-07	index
749	2023-07-08	blink
750	2023-07-09	clung
751	2023-07-10	qualm
752	2023-07-11	croup
753	2023-07-12	clink
754	2023-07-13	juicy
755	2023-07-14	stage
756	2023-07-15	decay
757	2023-07-16	nerve
758	2023-07-17	flier
759	2023-07-18	shaft
760	2023-07-19	crook
761	2023-07-20	clean
762	2023-07-21	china
763	2023-07-22	ridge
764	2023-07-23	vowel
765	2023-07-24	gnome
766	2023-07-25	snuck
767	2023-07-26	icing
768	2023-07-27	spiny
769	2023-07-28	rigor
770	2023-07-29	snail
771	2023-07-30	flown
772	2023-07-31	rabid
773	2023-08-01	prose
774	2023-08-02	thank
775	2023-08-03	poppy
776	2023-08-04	budge
777	2023-08-05	fiber
778	2023-08-06	moldy
779	2023-08-07	dowdy
780	2023-08-08	kneel
781	2023-08-09	track
782	2023-08-10	caddy
783	2023-08-11	quell
784	2023-08-12	dumpy
785	2023-08-13	paler
786	2023-08-14	swore
787	2023-08-15	rebar
788	2023-08-16	scuba
789	2023-08-17	splat
790	2023-08-18	flyer
791	2023-08-19	horny
792	2023-08-20	mason
793	2023-08-21	doing
794	2023-08-22	ozone
795	2023-08-23	amply
796	2023-08-24	molar
797	2023-08-25	ovary
798	2023-08-26	beset
799	2023-08-27	queue
800	2023-08-28	cliff
801	2023-08-29	magic
802	2023-08-30	truce
803	2023-08-31	sport
804	2023-09-01	fritz
805	2023-09-02	edict
806	2023-09-03	twirl
807	2023-09-04	verse
808	2023-09-05	llama
809	2023-09-06	eaten
810	2023-09-07	range
811	2023-09-08	whisk
812	2023-09-09	hovel
813	2023-09-10	rehab
814	2023-09-11	macaw
815	2023-09-12	sigma
816	2023-09-13	spout
817	2023-09-14	verve
818	2023-09-15	sushi
819	2023-09-16	dying
820	2023-09-17	fetid
821	2023-09-18	brain
822	2023-09-19	buddy
823	2023-09-20	thump
824	2023-09-21	scion
825	2023-09-22	candy
826	2023-09-23	chord
827	2023-09-24	basin
828	2023-09-25	march
829	2023-09-26	crowd
830	2023-09-27	arbor
831	2023-09-28	gayly
832	2023-09-29	musky
833	2023-09-30	stain
834	2023-10-01	dally
835	2023-10-02	bless
836	2023-10-03	bravo
837	2023-10-04	stung
838	2023-10-05	title
839	2023-10-06	ruler
840	2023-10-07	kiosk
841	2023-10-08	blond
842	2023-10-09	ennui
843	2023-10-10	layer
844	2023-10-11	fluid
845	2023-10-12	tatty
846	2023-10-13	score
847	2023-10-14	cutie
848	2023-10-15	zebra
849	2023-10-16	barge
850	2023-10-17	matey
851	2023-10-18	bluer
852	2023-10-19	aider
853	2023-10-20	shook
854	2023-10-21	river
855	2023-10-22	privy
856	2023-10-23	betel
857	2023-10-24	frisk
858	2023-10-25	bongo
859	2023-10-26	begun
860	2023-10-27	azure
861	2023-10-28	weave
862	2023-10-29	genie
863	2023-10-30	sound
864	2023-10-31	glove
865	2023-11-01	braid
866	2023-11-02	scope
867	2023-11-03	wryly
868	2023-11-04	rover
869	2023-11-05	assay
870	2023-11-06	ocean
871	2023-11-07	bloom
872	2023-11-08	irate
873	2023-11-09	later
874	2023-11-10	woken
875	2023-11-11	silky
876	2023-11-12	wreck
877	2023-11-13	dwelt
878	2023-11-14	slate
879	2023-11-15	smack
880	2023-11-16	solid
881	2023-11-17	amaze
882	2023-11-18	hazel
883	2023-11-19	wrist
884	2023-11-20	jolly
885	2023-11-21	globe
886	2023-11-22	flint
887	2023-11-23	rouse
888	2023-11-24	civil
889	2023-11-25	vista
890	2023-11-26	relax
891	2023-11-27	cover
892	2023-11-28	alive
893	2023-11-29	beech
894	2023-11-30	jetty
895	2023-12-01	bliss
896	2023-12-02	vocal
897	2023-12-03	often
898	2023-12-04	dolly
899	2023-12-05	eight
900	2023-12-06	joker
901	2023-12-07	since
902	2023-12-08	event
903	2023-12-09	ensue
904	2023-12-10	shunt
905	2023-12-11	diver
906	2023-12-12	poser
907	2023-12-13	worst
908	2023-12-14	sweep
909	2023-12-15	alley
910	2023-12-16	creed
911	2023-12-17	anime
912	2023-12-18	leafy
913	2023-12-19	bosom
914	2023-12-20	dunce
915	2023-12-21	stare
916	2023-12-22	pudgy
917	2023-12-23	waive
918	2023-12-24	choir
919	2023-12-25	stood
920	2023-12-26	spoke
921	2023-12-27	outgo
922	2023-12-28	delay
923	2023-12-29	bilge
924	2023-12-30	ideal
925	2023-12-31	clasp
926	2024-01-01	seize
927	2024-01-02	hotly
928	2024-01-03	laugh
929	2024-01-04	sieve
930	2024-01-05	block
931	2024-01-06	meant
932	2024-01-07	grape
933	2024-01-08	noose
934	2024-01-09	hardy
935	2024-01-10	shied
936	2024-01-11	drawl
937	2024-01-12	daisy
938	2024-01-13	putty
939	2024-01-14	strut
940	2024-01-15	burnt
941	2024-01-16	tulip
942	2024-01-17	crick
943	2024-01-18	idyll
944	2024-01-19	vixen
945	2024-01-20	furor
946	2024-01-21	geeky
947	2024-01-22	cough
948	2024-01-23	naive
949	2024-01-24	shoal
950	2024-01-25	stork
951	2024-01-26	bathe
952	2024-01-27	aunty
953	2024-01-28	check
954	2024-01-29	prime
955	2024-01-30	brass
956	2024-01-31	outer
957	2024-02-01	furry
958	2024-02-02	razor
959	2024-02-03	elect
960	2024-02-04	evict
961	2024-02-05	imply
962	2024-02-06	demur
963	2024-02-07	quota
964	2024-02-08	haven
965	2024-02-09	cavil
966	2024-02-10	swear
967	2024-02-11	crump
968	2024-02-12	dough
969	2024-02-13	gavel
970	2024-02-14	wagon
971	2024-02-15	salon
972	2024-02-16	nudge
973	2024-02-17	harem
974	2024-02-18	pitch
975	2024-02-19	sworn
976	2024-02-20	pupil
977	2024-02-21	excel
978	2024-02-22	stony
979	2024-02-23	cabin
980	2024-02-24	unzip
981	2024-02-25	queen
982	2024-02-26	trout
983	2024-02-27	polyp
984	2024-02-28	earth
985	2024-02-29	storm
986	2024-03-01	until
987	2024-03-02	taper
988	2024-03-03	enter
989	2024-03-04	child
990	2024-03-05	adopt
991	2024-03-06	minor
992	2024-03-07	fatty
993	2024-03-08	husky
994	2024-03-09	brave
995	2024-03-10	filet
996	2024-03-11	slime
997	2024-03-12	glint
998	2024-03-13	tread
999	2024-03-14	steal
1000	2024-03-15	regal
1001	2024-03-16	guest
1002	2024-03-17	every
1003	2024-03-18	murky
1004	2024-03-19	share
1005	2024-03-20	spore
1006	2024-03-21	hoist
1007	2024-03-22	buxom
1008	2024-03-23	inner
1009	2024-03-24	otter
1010	2024-03-25	dimly
1011	2024-03-26	level
1012	2024-03-27	sumac
1013	2024-03-28	donut
1014	2024-03-29	stilt
1015	2024-03-30	arena
1016	2024-03-31	sheet
1017	2024-04-01	scrub
1018	2024-04-02	fancy
1019	2024-04-03	slimy
1020	2024-04-04	pearl
1021	2024-04-05	silly
1022	2024-04-06	porch
1023	2024-04-07	dingo
1024	2024-04-08	sepia
1025	2024-04-09	amble
1026	2024-04-10	shady
1027	2024-04-11	bread
1028	2024-04-12	friar
1029	2024-04-13	reign
1030	2024-04-14	dairy
1031	2024-04-15	quill
1032	2024-04-16	cross
1033	2024-04-17	brood
1034	2024-04-18	tuber
1035	2024-04-19	shear
1036	2024-04-20	posit
1037	2024-04-21	blank
1038	2024-04-22	villa
1039	2024-04-23	shank
1040	2024-04-24	piggy
1041	2024-04-25	freak
1042	2024-04-26	which
1043	2024-04-27	among
1044	2024-04-28	fecal
1045	2024-04-29	shell
1046	2024-04-30	would
1047	2024-05-01	algae
1048	2024-05-02	large
1049	2024-05-03	rabbi
1050	2024-05-04	agony
1051	2024-05-05	amuse
1052	2024-05-06	bushy
1053	2024-05-07	copse
1054	2024-05-08	swoon
1055	2024-05-09	knife
1056	2024-05-10	pouch
1057	2024-05-11	ascot
1058	2024-05-12	plane
1059	2024-05-13	crown
1060	2024-05-14	urban
1061	2024-05-15	snide
1062	2024-05-16	relay
1063	2024-05-17	abide
1064	2024-05-18	viola
1065	2024-05-19	rajah
1066	2024-05-20	straw
1067	2024-05-21	dilly
1068	2024-05-22	crash
1069	2024-05-23	amass
1070	2024-05-24	third
1071	2024-05-25	trick
1072	2024-05-26	tutor
1073	2024-05-27	woody
1074	2024-05-28	blurb
1075	2024-05-29	grief
1076	2024-05-30	disco
1077	2024-05-31	where
1078	2024-06-01	sassy
1079	2024-06-02	beach
1080	2024-06-03	sauna
1081	2024-06-04	comic
1082	2024-06-05	clued
1083	2024-06-06	creep
1084	2024-06-07	caste
1085	2024-06-08	graze
1086	2024-06-09	snuff
1087	2024-06-10	frock
1088	2024-06-11	gonad
1089	2024-06-12	drunk
1090	2024-06-13	prong
1091	2024-06-14	lurid
1092	2024-06-15	steel
1093	2024-06-16	halve
1094	2024-06-17	buyer
1095	2024-06-18	vinyl
1096	2024-06-19	utile
1097	2024-06-20	smell
1098	2024-06-21	adage
1099	2024-06-22	worry
1100	2024-06-23	tasty
1101	2024-06-24	local
1102	2024-06-25	trade
1103	2024-06-26	finch
1104	2024-06-27	ashen
1105	2024-06-28	modal
1106	2024-06-29	gaunt
1107	2024-06-30	clove
1108	2024-07-01	enact
1109	2024-07-02	adorn
1110	2024-07-03	roast
1111	2024-07-04	speck
1112	2024-07-05	sheik
1113	2024-07-06	missy
1114	2024-07-07	grunt
1115	2024-07-08	snoop
1116	2024-07-09	party
1117	2024-07-10	touch
1118	2024-07-11	mafia
1119	2024-07-12	emcee
1120	2024-07-13	array
1121	2024-07-14	south
1122	2024-07-15	vapid
1123	2024-07-16	jelly
1124	2024-07-17	skulk
1125	2024-07-18	angst
1126	2024-07-19	tubal
1127	2024-07-20	lower
1128	2024-07-21	crest
1129	2024-07-22	sweat
1130	2024-07-23	cyber
1131	2024-07-24	adore
1132	2024-07-25	tardy
1133	2024-07-26	swami
1134	2024-07-27	notch
1135	2024-07-28	groom
1136	2024-07-29	roach
1137	2024-07-30	hitch
1138	2024-07-31	young
1139	2024-08-01	align
1140	2024-08-02	ready
1141	2024-08-03	frond
1142	2024-08-04	strap
1143	2024-08-05	puree
1144	2024-08-06	realm
1145	2024-08-07	venue
1146	2024-08-08	swarm
1147	2024-08-09	offer
1148	2024-08-10	seven
1149	2024-08-11	dryer
1150	2024-08-12	diary
1151	2024-08-13	dryly
1152	2024-08-14	drank
1153	2024-08-15	acrid
1154	2024-08-16	heady
1155	2024-08-17	theta
1156	2024-08-18	junto
1157	2024-08-19	pixie
1158	2024-08-20	quoth
1159	2024-08-21	bonus
1160	2024-08-22	shalt
1161	2024-08-23	penne
1162	2024-08-24	amend
1163	2024-08-25	datum
1164	2024-08-26	build
1165	2024-08-27	piano
1166	2024-08-28	shelf
1167	2024-08-29	lodge
1168	2024-08-30	suing
1169	2024-08-31	rearm
1170	2024-09-01	coral
1171	2024-09-02	ramen
1172	2024-09-03	worth
1173	2024-09-04	psalm
1174	2024-09-05	infer
1175	2024-09-06	overt
1176	2024-09-07	mayor
1177	2024-09-08	ovoid
1178	2024-09-09	glide
1179	2024-09-10	usage
1180	2024-09-11	poise
1181	2024-09-12	randy
1182	2024-09-13	chuck
1183	2024-09-14	prank
1184	2024-09-15	fishy
1185	2024-09-16	tooth
1186	2024-09-17	ether
1187	2024-09-18	drove
1188	2024-09-19	idler
1189	2024-09-20	swath
1190	2024-09-21	stint
1191	2024-09-22	while
1192	2024-09-23	begat
1193	2024-09-24	apply
1194	2024-09-25	slang
1195	2024-09-26	tarot
1196	2024-09-27	radar
1197	2024-09-28	credo
1198	2024-09-29	aware
1199	2024-09-30	canon
1200	2024-10-01	shift
1201	2024-10-02	timer
1202	2024-10-03	bylaw
1203	2024-10-04	serum
1204	2024-10-05	three
1205	2024-10-06	steak
1206	2024-10-07	iliac
1207	2024-10-08	shirk
1208	2024-10-09	blunt
1209	2024-10-10	puppy
1210	2024-10-11	penal
1211	2024-10-12	joist
1212	2024-10-13	bunny
1213	2024-10-14	shape
1214	2024-10-15	beget
1215	2024-10-16	wheel
1216	2024-10-17	adept
1217	2024-10-18	stunt
1218	2024-10-19	stole
1219	2024-10-20	topaz
1220	2024-10-21	chore
1221	2024-10-22	fluke
1222	2024-10-23	afoot
1223	2024-10-24	bloat
1224	2024-10-25	bully
1225	2024-10-26	dense
1226	2024-10-27	caper
1227	2024-10-28	sneer
1228	2024-10-29	boxer
1229	2024-10-30	jumbo
1230	2024-10-31	lunge
1231	2024-11-01	space
1232	2024-11-02	avail
1233	2024-11-03	short
1234	2024-11-04	slurp
1235	2024-11-05	loyal
1236	2024-11-06	flirt
1237	2024-11-07	pizza
1238	2024-11-08	conch
1239	2024-11-09	tempo
1240	2024-11-10	droop
1241	2024-11-11	plate
1242	2024-11-12	bible
1243	2024-11-13	plunk
1244	2024-11-14	afoul
1245	2024-11-15	savoy
1246	2024-11-16	steep
1247	2024-11-17	agile
1248	2024-11-18	stake
1249	2024-11-19	dwell
1250	2024-11-20	knave
1251	2024-11-21	beard
1252	2024-11-22	arose
1253	2024-11-23	motif
1254	2024-11-24	smash
1255	2024-11-25	broil
1256	2024-11-26	glare
1257	2024-11-27	shove
1258	2024-11-28	baggy
1259	2024-11-29	mammy
1260	2024-11-30	swamp
1261	2024-12-01	along
1262	2024-12-02	rugby
1263	2024-12-03	wager
1264	2024-12-04	quack
1265	2024-12-05	squat
1266	2024-12-06	snaky
1267	2024-12-07	debit
1268	2024-12-08	mange
1269	2024-12-09	skate
1270	2024-12-10	ninth
1271	2024-12-11	joust
1272	2024-12-12	tramp
1273	2024-12-13	spurn
1274	2024-12-14	medal
1275	2024-12-15	micro
1276	2024-12-16	rebel
1277	2024-12-17	flank
1278	2024-12-18	learn
1279	2024-12-19	nadir
1280	2024-12-20	maple
1281	2024-12-21	comfy
1282	2024-12-22	remit
1283	2024-12-23	gruff
1284	2024-12-24	ester
1285	2024-12-25	least
1286	2024-12-26	mogul
1287	2024-12-27	fetch
1288	2024-12-28	cause
1289	2024-12-29	oaken
1290	2024-12-30	aglow
1291	2024-12-31	meaty
1292	2025-01-01	gaffe
1293	2025-01-02	shyly
1294	2025-01-03	racer
1295	2025-01-04	prowl
1296	2025-01-05	thief
1297	2025-01-06	stern
1298	2025-01-07	poesy
1299	2025-01-08	rocky
1300	2025-01-09	tweet
1301	2025-01-10	waist
1302	2025-01-11	spire
1303	2025-01-12	grope
1304	2025-01-13	havoc
1305	2025-01-14	patsy
1306	2025-01-15	truly
1307	2025-01-16	forty
1308	2025-01-17	deity
1309	2025-01-18	uncle
1310	2025-01-19	swish
1311	2025-01-20	giver
1312	2025-01-21	preen
1313	2025-01-22	bevel
1314	2025-01-23	lemur
1315	2025-01-24	draft
1316	2025-01-25	slope
1317	2025-01-26	annoy
1318	2025-01-27	lingo
1319	2025-01-28	bleak
1320	2025-01-29	ditty
1321	2025-01-30	curly
1322	2025-01-31	cedar
1323	2025-02-01	dirge
1324	2025-02-02	grown
1325	2025-02-03	horde
1326	2025-02-04	drool
1327	2025-02-05	shuck
1328	2025-02-06	crypt
1329	2025-02-07	cumin
1330	2025-02-08	stock
1331	2025-02-09	gravy
1332	2025-02-10	locus
1333	2025-02-11	wider
1334	2025-02-12	breed
1335	2025-02-13	quite
1336	2025-02-14	chafe
1337	2025-02-15	cache
1338	2025-02-16	blimp
1339	2025-02-17	deign
1340	2025-02-18	fiend
1341	2025-02-19	logic
1342	2025-02-20	cheap
1343	2025-02-21	elide
1344	2025-02-22	rigid
1345	2025-02-23	false
1346	2025-02-24	renal
1347	2025-02-25	pence
1348	2025-02-26	rowdy
1349	2025-02-27	shoot
1350	2025-02-28	blaze
1351	2025-03-01	envoy
1352	2025-03-02	posse
1353	2025-03-03	brief
1354	2025-03-04	never
1355	2025-03-05	abort
1356	2025-03-06	mouse
1357	2025-03-07	mucky
1358	2025-03-08	sulky
1359	2025-03-09	fiery
1360	2025-03-10	media
1361	2025-03-11	trunk
1362	2025-03-12	yeast
1363	2025-03-13	clear
1364	2025-03-14	skunk
1365	2025-03-15	scalp
1366	2025-03-16	bitty
1367	2025-03-17	cider
1368	2025-03-18	koala
1369	2025-03-19	duvet
1370	2025-03-20	segue
1371	2025-03-21	creme
1372	2025-03-22	super
1373	2025-03-23	grill
1374	2025-03-24	after
1375	2025-03-25	owner
1376	2025-03-26	ember
1377	2025-03-27	reach
1378	2025-03-28	nobly
1379	2025-03-29	empty
1380	2025-03-30	speed
1381	2025-03-31	gipsy
1382	2025-04-01	recur
1383	2025-04-02	smock
1384	2025-04-03	dread
1385	2025-04-04	merge
1386	2025-04-05	burst
1387	2025-04-06	kappa
1388	2025-04-07	amity
1389	2025-04-08	shaky
1390	2025-04-09	hover
1391	2025-04-10	carol
1392	2025-04-11	snort
1393	2025-04-12	synod
1394	2025-04-13	faint
1395	2025-04-14	haunt
1396	2025-04-15	flour
1397	2025-04-16	chair
1398	2025-04-17	detox
1399	2025-04-18	shrew
1400	2025-04-19	tense
1401	2025-04-20	plied
1402	2025-04-21	quark
1403	2025-04-22	burly
1404	2025-04-23	novel
1405	2025-04-24	waxen
1406	2025-04-25	stoic
1407	2025-04-26	jerky
1408	2025-04-27	blitz
1409	2025-04-28	beefy
1410	2025-04-29	lyric
1411	2025-04-30	hussy
1412	2025-05-01	towel
1413	2025-05-02	quilt
1414	2025-05-03	below
1415	2025-05-04	bingo
1416	2025-05-05	wispy
1417	2025-05-06	brash
1418	2025-05-07	scone
1419	2025-05-08	toast
1420	2025-05-09	easel
1421	2025-05-10	saucy
1422	2025-05-11	value
1423	2025-05-12	spice
1424	2025-05-13	honor
1425	2025-05-14	route
1426	2025-05-15	sharp
1427	2025-05-16	bawdy
1428	2025-05-17	radii
1429	2025-05-18	skull
1430	2025-05-19	phony
1431	2025-05-20	issue
1432	2025-05-21	lager
1433	2025-05-22	swell
1434	2025-05-23	urine
1435	2025-05-24	gassy
1436	2025-05-25	trial
1437	2025-05-26	flora
1438	2025-05-27	upper
1439	2025-05-28	latch
1440	2025-05-29	wight
1441	2025-05-30	brick
1442	2025-05-31	retry
1443	2025-06-01	holly
1444	2025-06-02	decal
1445	2025-06-03	grass
1446	2025-06-04	shack
1447	2025-06-05	dogma
1448	2025-06-06	mover
1449	2025-06-07	defer
1450	2025-06-08	sober
1451	2025-06-09	optic
1452	2025-06-10	crier
1453	2025-06-11	vying
1454	2025-06-12	nomad
1455	2025-06-13	flute
1456	2025-06-14	hippo
1457	2025-06-15	shark
1458	2025-06-16	drier
1459	2025-06-17	obese
1460	2025-06-18	bugle
1461	2025-06-19	tawny
1462	2025-06-20	chalk
1463	2025-06-21	feast
1464	2025-06-22	ruddy
1465	2025-06-23	pedal
1466	2025-06-24	scarf
1467	2025-06-25	cruel
1468	2025-06-26	bleat
1469	2025-06-27	tidal
1470	2025-06-28	slush
1471	2025-06-29	semen
1472	2025-06-30	windy
1473	2025-07-01	dusty
1474	2025-07-02	sally
1475	2025-07-03	igloo
1476	2025-07-04	nerdy
1477	2025-07-05	jewel
1478	2025-07-06	shone
1479	2025-07-07	whale
1480	2025-07-08	hymen
1481	2025-07-09	abuse
1482	2025-07-10	fugue
1483	2025-07-11	elbow
1484	2025-07-12	crumb
1485	2025-07-13	pansy
1486	2025-07-14	welsh
1487	2025-07-15	syrup
1488	2025-07-16	terse
1489	2025-07-17	suave
1490	2025-07-18	gamut
1491	2025-07-19	swung
1492	2025-07-20	drake
1493	2025-07-21	freed
1494	2025-07-22	afire
1495	2025-07-23	shirt
1496	2025-07-24	grout
1497	2025-07-25	oddly
1498	2025-07-26	tithe
1499	2025-07-27	plaid
1500	2025-07-28	dummy
1501	2025-07-29	broom
1502	2025-07-30	blind
1503	2025-07-31	torch
1504	2025-08-01	enemy
1505	2025-08-02	again
1506	2025-08-03	tying
1507	2025-08-04	pesky
1508	2025-08-05	alter
1509	2025-08-06	gazer
1510	2025-08-07	noble
1511	2025-08-08	ethos
1512	2025-08-09	bride
1513	2025-08-10	extol
1514	2025-08-11	decor
1515	2025-08-12	hobby
1516	2025-08-13	beast
1517	2025-08-14	idiom
1518	2025-08-15	utter
1519	2025-08-16	these
1520	2025-08-17	sixth
1521	2025-08-18	alarm
1522	2025-08-19	erase
1523	2025-08-20	elegy
1524	2025-08-21	spunk
1525	2025-08-22	piper
1526	2025-08-23	scaly
1527	2025-08-24	scold
1528	2025-08-25	hefty
1529	2025-08-26	chick
1530	2025-08-27	sooty
1531	2025-08-28	canal
1532	2025-08-29	whiny
1533	2025-08-30	slash
1534	2025-08-31	quake
1535	2025-09-01	joint
1536	2025-09-02	swept
1537	2025-09-03	prude
1538	2025-09-04	heavy
1539	2025-09-05	wield
1540	2025-09-06	femme
1541	2025-09-07	lasso
1542	2025-09-08	maize
1543	2025-09-09	shale
1544	2025-09-10	screw
1545	2025-09-11	spree
1546	2025-09-12	smoky
1547	2025-09-13	whiff
1548	2025-09-14	scent
1549	2025-09-15	glade
1550	2025-09-16	spent
1551	2025-09-17	prism
1552	2025-09-18	stoke
1553	2025-09-19	riper
1554	2025-09-20	orbit
1555	2025-09-21	cocoa
1556	2025-09-22	guilt
1557	2025-09-23	humus
1558	2025-09-24	shush
1559	2025-09-25	table
1560	2025-09-26	smirk
1561	2025-09-27	wrong
1562	2025-09-28	noisy
1563	2025-09-29	alert
1564	2025-09-30	shiny
1565	2025-10-01	elate
1566	2025-10-02	resin
1567	2025-10-03	whole
1568	2025-10-04	hunch
1569	2025-10-05	pixel
1570	2025-10-06	polar
1571	2025-10-07	hotel
1572	2025-10-08	sword
1573	2025-10-09	cleat
1574	2025-10-10	mango
1575	2025-10-11	rumba
1576	2025-10-12	puffy
1577	2025-10-13	filly
1578	2025-10-14	billy
1579	2025-10-15	leash
1580	2025-10-16	clout
1581	2025-10-17	dance
1582	2025-10-18	ovate
1583	2025-10-19	facet
1584	2025-10-20	chili
1585	2025-10-21	paint
1586	2025-10-22	liner
1587	2025-10-23	curio
1588	2025-10-24	salty
1589	2025-10-25	audio
1590	2025-10-26	snake
1591	2025-10-27	fable
1592	2025-10-28	cloak
1593	2025-10-29	navel
1594	2025-10-30	spurt
1595	2025-10-31	pesto
1596	2025-11-01	balmy
1597	2025-11-02	flash
1598	2025-11-03	unwed
1599	2025-11-04	early
1600	2025-11-05	churn
1601	2025-11-06	weedy
1602	2025-11-07	stump
1603	2025-11-08	lease
1604	2025-11-09	witty
1605	2025-11-10	wimpy
1606	2025-11-11	spoof
1607	2025-11-12	saner
1608	2025-11-13	blend
1609	2025-11-14	salsa
1610	2025-11-15	thick
1611	2025-11-16	warty
1612	2025-11-17	manic
1613	2025-11-18	blare
1614	2025-11-19	squib
1615	2025-11-20	spoon
1616	2025-11-21	probe
1617	2025-11-22	crepe
1618	2025-11-23	knack
1619	2025-11-24	force
1620	2025-11-25	debut
1621	2025-11-26	order
1622	2025-11-27	haste
1623	2025-11-28	teeth
1624	2025-11-29	agent
1625	2025-11-30	widen
1626	2025-12-01	icily
1627	2025-12-02	slice
1628	2025-12-03	ingot
1629	2025-12-04	clash
1630	2025-12-05	juror
1631	2025-12-06	blood
1632	2025-12-07	abode
1633	2025-12-08	throw
1634	2025-12-09	unity
1635	2025-12-10	pivot
1636	2025-12-11	slept
1637	2025-12-12	troop
1638	2025-12-13	spare
1639	2025-12-14	sewer
1640	2025-12-15	parse
1641	2025-12-16	morph
1642	2025-12-17	cacti
1643	2025-12-18	tacky
1644	2025-12-19	spool
1645	2025-12-20	demon
1646	2025-12-21	moody
1647	2025-12-22	annex
1648	2025-12-23	begin
1649	2025-12-24	fuzzy
1650	2025-12-25	patch
1651	2025-12-26	water
1652	2025-12-27	lumpy
1653	2025-12-28	admin
1654	2025-12-29	omega
1655	2025-12-30	limit
1656	2025-12-31	tabby
1657	2026-01-01	macho
1658	2026-01-02	aisle
1659	2026-01-03	skiff
1660	2026-01-04	basis
1661	2026-01-05	plank
1662	2026-01-06	verge
1663	2026-01-07	botch
1664	2026-01-08	crawl
1665	2026-01-09	lousy
1666	2026-01-10	slain
1667	2026-01-11	cubic
1668	2026-01-12	raise
1669	2026-01-13	wrack
1670	2026-01-14	guide
1671	2026-01-15	foist
1672	2026-01-16	cameo
1673	2026-01-17	under
1674	2026-01-18	actor
1675	2026-01-19	revue
1676	2026-01-20	fraud
1677	2026-01-21	harpy
1678	2026-01-22	scoop
1679	2026-01-23	climb
1680	2026-01-24	refer
1681	2026-01-25	olden
1682	2026-01-26	clerk
1683	2026-01-27	debar
1684	2026-01-28	tally
1685	2026-01-29	ethic
1686	2026-01-30	cairn
1687	2026-01-31	tulle
1688	2026-02-01	ghoul
1689	2026-02-02	hilly
1690	2026-02-03	crude
1691	2026-02-04	apart
1692	2026-02-05	scale
1693	2026-02-06	older
1694	2026-02-07	plain
1695	2026-02-08	sperm
1696	2026-02-09	briny
1697	2026-02-10	abbot
1698	2026-02-11	rerun
1699	2026-02-12	quest
1700	2026-02-13	crisp
1701	2026-02-14	bound
1702	2026-02-15	befit
1703	2026-02-16	drawn
1704	2026-02-17	suite
1705	2026-02-18	itchy
1706	2026-02-19	cheer
1707	2026-02-20	bagel
1708	2026-02-21	guess
1709	2026-02-22	broad
1710	2026-02-23	axiom
1711	2026-02-24	chard
1712	2026-02-25	caput
1713	2026-02-26	leant
1714	2026-02-27	harsh
1715	2026-02-28	curse
1716	2026-03-01	proud
1717	2026-03-02	swing
1718	2026-03-03	opine
1719	2026-03-04	taste
1720	2026-03-05	lupus
1721	2026-03-06	gumbo
1722	2026-03-07	miner
1723	2026-03-08	green
1724	2026-03-09	chasm
1725	2026-03-10	lipid
1726	2026-03-11	topic
1727	2026-03-12	armor
1728	2026-03-13	brush
1729	2026-03-14	crane
1730	2026-03-15	mural
1731	2026-03-16	abled
1732	2026-03-17	habit
1733	2026-03-18	bossy
1734	2026-03-19	maker
1735	2026-03-20	dusky
1736	2026-03-21	dizzy
1737	2026-03-22	lithe
1738	2026-03-23	brook
1739	2026-03-24	jazzy
1740	2026-03-25	fifty
1741	2026-03-26	sense
1742	2026-03-27	giant
1743	2026-03-28	surly
1744	2026-03-29	legal
1745	2026-03-30	fatal
1746	2026-03-31	flunk
1747	2026-04-01	began
1748	2026-04-02	prune
1749	2026-04-03	small
1750	2026-04-04	slant
1751	2026-04-05	scoff
1752	2026-04-06	torus
1753	2026-04-07	ninny
1754	2026-04-08	covey
1755	2026-04-09	viper
1756	2026-04-10	taken
1757	2026-04-11	moral
1758	2026-04-12	vogue
1759	2026-04-13	owing
1760	2026-04-14	token
1761	2026-04-15	entry
1762	2026-04-16	booth
1763	2026-04-17	voter
1764	2026-04-18	chide
1765	2026-04-19	elfin
1766	2026-04-20	ebony
1767	2026-04-21	neigh
1768	2026-04-22	minim
1769	2026-04-23	melon
1770	2026-04-24	kneed
1771	2026-04-25	decoy
1772	2026-04-26	voila
1773	2026-04-27	ankle
1774	2026-04-28	arrow
1775	2026-04-29	mushy
1776	2026-04-30	tribe
1777	2026-05-01	cease
1778	2026-05-02	eager
1779	2026-05-03	birth
1780	2026-05-04	graph
1781	2026-05-05	odder
1782	2026-05-06	terra
1783	2026-05-07	weird
1784	2026-05-08	tried
1785	2026-05-09	clack
1786	2026-05-10	color
1787	2026-05-11	rough
1788	2026-05-12	weigh
1789	2026-05-13	uncut
1790	2026-05-14	ladle
1791	2026-05-15	strip
1792	2026-05-16	craft
1793	2026-05-17	minus
1794	2026-05-18	dicey
1795	2026-05-19	titan
1796	2026-05-20	lucid
1797	2026-05-21	vicar
1798	2026-05-22	dress
1799	2026-05-23	ditch
1800	2026-05-24	gypsy
1801	2026-05-25	pasta
1802	2026-05-26	taffy
1803	2026-05-27	flame
1804	2026-05-28	swoop
1805	2026-05-29	aloof
1806	2026-05-30	sight
1807	2026-05-31	broke
1808	2026-06-01	teary
1809	2026-06-02	chart
1810	2026-06-03	sixty
1811	2026-06-04	wordy
1812	2026-06-05	sheer
1813	2026-06-06	leper
1814	2026-06-07	nosey
1815	2026-06-08	bulge
1816	2026-06-09	savor
1817	2026-06-10	clamp
1818	2026-06-11	funky
1819	2026-06-12	foamy
1820	2026-06-13	toxic
1821	2026-06-14	brand
1822	2026-06-15	plumb
1823	2026-06-16	dingy
1824	2026-06-17	butte
1825	2026-06-18	drill
1826	2026-06-19	tripe
1827	2026-06-20	bicep
1828	2026-06-21	tenor
1829	2026-06-22	krill
1830	2026-06-23	worse
1831	2026-06-24	drama
1832	2026-06-25	hyena
1833	2026-06-26	think
1834	2026-06-27	ratio
1835	2026-06-28	cobra
1836	2026-06-29	basil
1837	2026-06-30	scrum
1838	2026-07-01	bused
1839	2026-07-02	phone
1840	2026-07-03	court
1841	2026-07-04	camel
1842	2026-07-05	proof
1843	2026-07-06	heard
1844	2026-07-07	angel
1845	2026-07-08	petal
1846	2026-07-09	pouty
1847	2026-07-10	throb
1848	2026-07-11	maybe
1849	2026-07-12	fetal
1850	2026-07-13	sprig
1851	2026-07-14	spine
1852	2026-07-15	shout
1853	2026-07-16	cadet
1854	2026-07-17	macro
1855	2026-07-18	dodgy
1856	2026-07-19	satyr
1857	2026-07-20	rarer
1858	2026-07-21	binge
1859	2026-07-22	trend
1860	2026-07-23	nutty
1861	2026-07-24	leapt
1862	2026-07-25	amiss
1863	2026-07-26	split
1864	2026-07-27	myrrh
1865	2026-07-28	width
1866	2026-07-29	sonar
1867	2026-07-30	tower
1868	2026-07-31	baron
1869	2026-08-01	fever
1870	2026-08-02	waver
1871	2026-08-03	spark
1872	2026-08-04	belie
1873	2026-08-05	sloop
1874	2026-08-06	expel
1875	2026-08-07	smote
1876	2026-08-08	baler
1877	2026-08-09	above
1878	2026-08-10	north
1879	2026-08-11	wafer
1880	2026-08-12	scant
1881	2026-08-13	frill
1882	2026-08-14	awash
1883	2026-08-15	snack
1884	2026-08-16	scowl
1885	2026-08-17	frail
1886	2026-08-18	drift
1887	2026-08-19	limbo
1888	2026-08-20	fence
1889	2026-08-21	motel
1890	2026-08-22	ounce
1891	2026-08-23	wreak
1892	2026-08-24	revel
1893	2026-08-25	talon
1894	2026-08-26	prior
1895	2026-08-27	knelt
1896	2026-08-28	cello
1897	2026-08-29	flake
1898	2026-08-30	debug
1899	2026-08-31	anode
1900	2026-09-01	crime
1901	2026-09-02	salve
1902	2026-09-03	scout
1903	2026-09-04	imbue
1904	2026-09-05	pinky
1905	2026-09-06	stave
1906	2026-09-07	vague
1907	2026-09-08	chock
1908	2026-09-09	fight
1909	2026-09-10	video
1910	2026-09-11	stone
1911	2026-09-12	teach
1912	2026-09-13	cleft
1913	2026-09-14	frost
1914	2026-09-15	prawn
1915	2026-09-16	booty
1916	2026-09-17	twist
1917	2026-09-18	apnea
1918	2026-09-19	stiff
1919	2026-09-20	plaza
1920	2026-09-21	ledge
1921	2026-09-22	tweak
1922	2026-09-23	board
1923	2026-09-24	grant
1924	2026-09-25	medic
1925	2026-09-26	bacon
1926	2026-09-27	cable
1927	2026-09-28	brawl
1928	2026-09-29	slunk
1929	2026-09-30	raspy
1930	2026-10-01	forum
1931	2026-10-02	drone
1932	2026-10-03	women
1933	2026-10-04	mucus
1934	2026-10-05	boast
1935	2026-10-06	toddy
1936	2026-10-07	coven
1937	2026-10-08	tumor
1938	2026-10-09	truer
1939	2026-10-10	wrath
1940	2026-10-11	stall
1941	2026-10-12	steam
1942	2026-10-13	axial
1943	2026-10-14	purer
1944	2026-10-15	daily
1945	2026-10-16	trail
1946	2026-10-17	niche
1947	2026-10-18	mealy
1948	2026-10-19	juice
1949	2026-10-20	nylon
1950	2026-10-21	plump
1951	2026-10-22	merry
1952	2026-10-23	flail
1953	2026-10-24	papal
1954	2026-10-25	wheat
1955	2026-10-26	berry
1956	2026-10-27	cower
1957	2026-10-28	erect
1958	2026-10-29	brute
1959	2026-10-30	leggy
1960	2026-10-31	snipe
1961	2026-11-01	sinew
1962	2026-11-02	skier
1963	2026-11-03	penny
1964	2026-11-04	jumpy
1965	2026-11-05	rally
1966	2026-11-06	umbra
1967	2026-11-07	scary
1968	2026-11-08	modem
1969	2026-11-09	gross
1970	2026-11-10	avian
1971	2026-11-11	greed
1972	2026-11-12	satin
1973	2026-11-13	tonic
1974	2026-11-14	parka
1975	2026-11-15	sniff
1976	2026-11-16	livid
1977	2026-11-17	stark
1978	2026-11-18	trump
1979	2026-11-19	giddy
1980	2026-11-20	reuse
1981	2026-11-21	taboo
1982	2026-11-22	avoid
1983	2026-11-23	quote
1984	2026-11-24	devil
1985	2026-11-25	liken
1986	2026-11-26	gloss
1987	2026-11-27	gayer
1988	2026-11-28	beret
1989	2026-11-29	noise
1990	2026-11-30	gland
1991	2026-12-01	dealt
1992	2026-12-02	sling
1993	2026-12-03	rumor
1994	2026-12-04	opera
1995	2026-12-05	thigh
1996	2026-12-06	tonga
1997	2026-12-07	flare
1998	2026-12-08	wound
1999	2026-12-09	white
2000	2026-12-10	bulky
2001	2026-12-11	etude
2002	2026-12-12	horse
2003	2026-12-13	circa
2004	2026-12-14	paddy
2005	2026-12-15	inbox
2006	2026-12-16	fizzy
2007	2026-12-17	grain
2008	2026-12-18	exert
2009	2026-12-19	surge
2010	2026-12-20	gleam
2011	2026-12-21	belle
2012	2026-12-22	salvo
2013	2026-12-23	crush
2014	2026-12-24	fruit
2015	2026-12-25	sappy
2016	2026-12-26	taker
2017	2026-12-27	tract
2018	2026-12-28	ovine
2019	2026-12-29	spiky
2020	2026-12-30	frank
2021	2026-12-31	reedy
2022	2027-01-01	filth
2023	2027-01-02	spasm
2024	2027-01-03	heave
2025	2027-01-04	mambo
2026	2027-01-05	right
2027	2027-01-06	clank
2028	2027-01-07	trust
2029	2027-01-08	lumen
2030	2027-01-09	borne
2031	2027-01-10	spook
2032	2027-01-11	sauce
2033	2027-01-12	amber
2034	2027-01-13	lathe
2035	2027-01-14	carat
2036	2027-01-15	corer
2037	2027-01-16	dirty
2038	2027-01-17	slyly
2039	2027-01-18	affix
2040	2027-01-19	alloy
2041	2027-01-20	taint
2042	2027-01-21	sheep
2043	2027-01-22	kinky
2044	2027-01-23	wooly
2045	2027-01-24	mauve
2046	2027-01-25	flung
2047	2027-01-26	yacht
2048	2027-01-27	fried
2049	2027-01-28	quail
2050	2027-01-29	brunt
2051	2027-01-30	grimy
2052	2027-01-31	curvy
2053	2027-02-01	cagey
2054	2027-02-02	rinse
2055	2027-02-03	deuce
2056	2027-02-04	state
2057	2027-02-05	grasp
2058	2027-02-06	milky
2059	2027-02-07	bison
2060	2027-02-08	graft
2061	2027-02-09	sandy
2062	2027-02-10	baste
2063	2027-02-11	flask
2064	2027-02-12	hedge
2065	2027-02-13	girly
2066	2027-02-14	swash
2067	2027-02-15	boney
2068	2027-02-16	coupe
2069	2027-02-17	endow
2070	2027-02-18	abhor
2071	2027-02-19	welch
2072	2027-02-20	blade
2073	2027-02-21	tight
2074	2027-02-22	geese
2075	2027-02-23	miser
2076	2027-02-24	mirth
2077	2027-02-25	cloud
2078	2027-02-26	cabal
2079	2027-02-27	leech
2080	2027-02-28	close
2081	2027-03-01	tenth
2082	2027-03-02	pecan
2083	2027-03-03	droit
2084	2027-03-04	grail
2085	2027-03-05	clone
2086	2027-03-06	guise
2087	2027-03-07	ralph
2088	2027-03-08	tango
2089	2027-03-09	biddy
2090	2027-03-10	smith
2091	2027-03-11	mower
2092	2027-03-12	payee
2093	2027-03-13	serif
2094	2027-03-14	drape
2095	2027-03-15	fifth
2096	2027-03-16	spank
2097	2027-03-17	glaze
2098	2027-03-18	allot
2099	2027-03-19	truck
2100	2027-03-20	kayak
2101	2027-03-21	virus
2102	2027-03-22	testy
2103	2027-03-23	tepee
2104	2027-03-24	fully
2105	2027-03-25	zonal
2106	2027-03-26	metro
2107	2027-03-27	curry
2108	2027-03-28	grand
2109	2027-03-29	banjo
2110	2027-03-30	axion
2111	2027-03-31	bezel
2112	2027-04-01	occur
2113	2027-04-02	chain
2114	2027-04-03	nasal
2115	2027-04-04	gooey
2116	2027-04-05	filer
2117	2027-04-06	brace
2118	2027-04-07	allay
2119	2027-04-08	pubic
2120	2027-04-09	raven
2121	2027-04-10	plead
2122	2027-04-11	gnash
2123	2027-04-12	flaky
2124	2027-04-13	munch
2125	2027-04-14	dully
2126	2027-04-15	eking
2127	2027-04-16	thing
2128	2027-04-17	slink
2129	2027-04-18	hurry
2130	2027-04-19	theft
2131	2027-04-20	shorn
2132	2027-04-21	pygmy
2133	2027-04-22	ranch
2134	2027-04-23	wring
2135	2027-04-24	lemon
2136	2027-04-25	shore
2137	2027-04-26	mamma
2138	2027-04-27	froze
2139	2027-04-28	newer
2140	2027-04-29	style
2141	2027-04-30	moose
2142	2027-05-01	antic
2143	2027-05-02	drown
2144	2027-05-03	vegan
2145	2027-05-04	chess
2146	2027-05-05	guppy
2147	2027-05-06	union
2148	2027-05-07	lever
2149	2027-05-08	lorry
2150	2027-05-09	image
2151	2027-05-10	cabby
2152	2027-05-11	druid
2153	2027-05-12	exact
2154	2027-05-13	truth
2155	2027-05-14	dopey
2156	2027-05-15	spear
2157	2027-05-16	cried
2158	2027-05-17	chime
2159	2027-05-18	crony
2160	2027-05-19	stunk
2161	2027-05-20	timid
2162	2027-05-21	batch
2163	2027-05-22	gauge
2164	2027-05-23	rotor
2165	2027-05-24	crack
2166	2027-05-25	curve
2167	2027-05-26	latte
2168	2027-05-27	witch
2169	2027-05-28	bunch
2170	2027-05-29	repel
2171	2027-05-30	anvil
2172	2027-05-31	soapy
2173	2027-06-01	meter
2174	2027-06-02	broth
2175	2027-06-03	madly
2176	2027-06-04	dried
2177	2027-06-05	scene
2178	2027-06-06	known
2179	2027-06-07	magma
2180	2027-06-08	roost
2181	2027-06-09	woman
2182	2027-06-10	thong
2183	2027-06-11	punch
2184	2027-06-12	pasty
2185	2027-06-13	downy
2186	2027-06-14	knead
2187	2027-06-15	whirl
2188	2027-06-16	rapid
2189	2027-06-17	clang
2190	2027-06-18	anger
2191	2027-06-19	drive
2192	2027-06-20	goofy
2193	2027-06-21	email
2194	2027-06-22	music
2195	2027-06-23	stuff
2196	2027-06-24	bleep
2197	2027-06-25	rider
2198	2027-06-26	mecca
2199	2027-06-27	folio
2200	2027-06-28	setup
2201	2027-06-29	verso
2202	2027-06-30	quash
2203	2027-07-01	fauna
2204	2027-07-02	gummy
2205	2027-07-03	happy
2206	2027-07-04	newly
2207	2027-07-05	fussy
2208	2027-07-06	relic
2209	2027-07-07	guava
2210	2027-07-08	ratty
2211	2027-07-09	fudge
2212	2027-07-10	femur
2213	2027-07-11	chirp
2214	2027-07-12	forte
2215	2027-07-13	alibi
2216	2027-07-14	whine
2217	2027-07-15	petty
2218	2027-07-16	golly
2219	2027-07-17	plait
2220	2027-07-18	fleck
2221	2027-07-19	felon
2222	2027-07-20	gourd
2223	2027-07-21	brown
2224	2027-07-22	thrum
2225	2027-07-23	ficus
2226	2027-07-24	stash
2227	2027-07-25	decry
2228	2027-07-26	wiser
2229	2027-07-27	junta
2230	2027-07-28	visor
2231	2027-07-29	daunt
2232	2027-07-30	scree
2233	2027-07-31	impel
2234	2027-08-01	await
2235	2027-08-02	press
2236	2027-08-03	whose
2237	2027-08-04	turbo
2238	2027-08-05	stoop
2239	2027-08-06	speak
2240	2027-08-07	mangy
2241	2027-08-08	eying
2242	2027-08-09	inlet
2243	2027-08-10	crone
2244	2027-08-11	pulse
2245	2027-08-12	mossy
2246	2027-08-13	staid
2247	2027-08-14	hence
2248	2027-08-15	pinch
2249	2027-08-16	teddy
2250	2027-08-17	sully
2251	2027-08-18	snore
2252	2027-08-19	ripen
2253	2027-08-20	snowy
2254	2027-08-21	attic
2255	2027-08-22	going
2256	2027-08-23	leach
2257	2027-08-24	mouth
2258	2027-08-25	hound
2259	2027-08-26	clump
2260	2027-08-27	tonal
2261	2027-08-28	bigot
2262	2027-08-29	peril
2263	2027-08-30	piece
2264	2027-08-31	blame
2265	2027-09-01	haute
2266	2027-09-02	spied
2267	2027-09-03	undid
2268	2027-09-04	intro
2269	2027-09-05	basal
2270	2027-09-06	shine
2271	2027-09-07	gecko
2272	2027-09-08	rodeo
2273	2027-09-09	guard
2274	2027-09-10	steer
2275	2027-09-11	loamy
2276	2027-09-12	scamp
2277	2027-09-13	scram
2278	2027-09-14	manly
2279	2027-09-15	hello
2280	2027-09-16	vaunt
2281	2027-09-17	organ
2282	2027-09-18	feral
2283	2027-09-19	knock
2284	2027-09-20	extra
2285	2027-09-21	condo
2286	2027-09-22	adapt
2287	2027-09-23	willy
2288	2027-09-24	polka
2289	2027-09-25	rayon
2290	2027-09-26	skirt
2291	2027-09-27	faith
2292	2027-09-28	torso
2293	2027-09-29	match
2294	2027-09-30	mercy
2295	2027-10-01	tepid
2296	2027-10-02	sleek
2297	2027-10-03	riser
2298	2027-10-04	twixt
2299	2027-10-05	peace
2300	2027-10-06	flush
2301	2027-10-07	catty
2302	2027-10-08	login
2303	2027-10-09	eject
2304	2027-10-10	roger
2305	2027-10-11	rival
2306	2027-10-12	untie
2307	2027-10-13	refit
2308	2027-10-14	aorta
2309	2027-10-15	adult
2310	2027-10-16	judge
2311	2027-10-17	rower
2312	2027-10-18	artsy
2313	2027-10-19	rural
2314	2027-10-20	shave
